,Epoch,SSIM,Time
0,0,1.6608596913337708,59.673535108566284
