Wall time,Step,Value
1680269421.8244019,7819,0.9821000099182129
1680269449.6358986,15639,0.979200005531311
1680269477.436435,23459,0.9818000197410583
1680269505.606157,31279,0.9804999828338623
1680269533.8648455,39099,0.9805999994277954
1680269562.046322,46919,0.9815999865531921
1680269590.2584732,54739,0.9815000295639038
1680269618.5589592,62559,0.9815000295639038
1680269646.4535823,70379,0.9818000197410583
1680269674.6076546,78199,0.9817000031471252
