Wall time,Step,Value
1678668918.7914994,789,0.8051249980926514
1678668921.8298333,1579,0.8080000281333923
1678668924.850585,2369,0.8106250166893005
1678668928.3197153,3159,0.8132500052452087
1678668931.7718008,3949,0.8112499713897705
1678668935.2579892,4739,0.8102499842643738
1678668938.749419,5529,0.812125027179718
1678668942.2176092,6319,0.8119999766349792
1678668945.3630886,7109,0.8117499947547913
1678668948.4083164,7899,0.8115000128746033
